txn_date,amount,client_name
04/08/2026,3000,עזו דניאל
05/08/2026,1500,רלי אוחנה
05/08/2026,10620,מתנ״ס נחל
05/08/2026,554,אסולין אסתר
06/08/2026,3776,רונית יעקובסון
06/08/2026,3776,איילה הוניגמן
06/08/2026,2000,טחה שלמה נדרי
06/08/2026,2300,קרעאן טאל
07/08/2026,2360,[לא קריא] ועד עובדי מכס
07/08/2026,2000,דן
09/08/2026,5000,אלדר דוד
10/08/2026,3000,צור זהבית
11/08/2026,2500,"כהן, אביתר"
14/08/2026,1500,איילה
16/08/2026,20000,עמנואלי שי שמואל
18/08/2026,5000,דן (הערת לקוח)
19/08/2026,3000,"אלטשולר רומן,אלטשולר הלן"
21/08/2026,1071,אסולין אסתר
21/08/2026,12272,מקורות
21/08/2026,20000,שושנה רוזן
23/08/2026,800,גרינפלד אורלי
24/08/2026,6500,סיטיבנק ישראל גי
25/08/2026,1500,לור יעל
27/08/2026,210,דודי חיפה
27/08/2026,4500,רוני רמי בן חמו
,TOTAL,118739
